/*
Navicat MySQL Data Transfer

Source Server         : localhost_3306
Source Server Version : 50132
Source Host           : localhost:3306
Source Database       : patent

Target Server Type    : MYSQL
Target Server Version : 50132
File Encoding         : 65001

Date: 2019-03-12 20:08:21
*/

SET FOREIGN_KEY_CHECKS=0;

-- ----------------------------
-- Table structure for `base_category`
-- ----------------------------
DROP TABLE IF EXISTS `base_category`;
CREATE TABLE `base_category` (
  `id` varchar(10) NOT NULL,
  `BaseName` varchar(20) NOT NULL,
  PRIMARY KEY (`id`)
) ENGINE=InnoDB DEFAULT CHARSET=utf8;

-- ----------------------------
-- Records of base_category
-- ----------------------------
INSERT INTO `base_category` VALUES ('1', '新颖性');
INSERT INTO `base_category` VALUES ('2', '创新性');
INSERT INTO `base_category` VALUES ('3', '实用性');

-- ----------------------------
-- Table structure for `degree`
-- ----------------------------
DROP TABLE IF EXISTS `degree`;
CREATE TABLE `degree` (
  `id` varchar(10) NOT NULL,
  `DegreeName` varchar(20) NOT NULL,
  PRIMARY KEY (`id`)
) ENGINE=InnoDB DEFAULT CHARSET=utf8;

-- ----------------------------
-- Records of degree
-- ----------------------------
INSERT INTO `degree` VALUES ('0', '未填写');
INSERT INTO `degree` VALUES ('1', '中专');
INSERT INTO `degree` VALUES ('2', '大专');
INSERT INTO `degree` VALUES ('3', '本科');
INSERT INTO `degree` VALUES ('4', '硕士研究生');
INSERT INTO `degree` VALUES ('5', '博士研究生');

-- ----------------------------
-- Table structure for `function_category`
-- ----------------------------
DROP TABLE IF EXISTS `function_category`;
CREATE TABLE `function_category` (
  `id` varchar(10) NOT NULL DEFAULT '0',
  `FunctionName` varchar(20) NOT NULL,
  PRIMARY KEY (`id`)
) ENGINE=InnoDB DEFAULT CHARSET=utf8;

-- ----------------------------
-- Records of function_category
-- ----------------------------
INSERT INTO `function_category` VALUES ('1', '外观设计专利');
INSERT INTO `function_category` VALUES ('2', '实用新型专利');
INSERT INTO `function_category` VALUES ('3', '发明专利');

-- ----------------------------
-- Table structure for `job`
-- ----------------------------
DROP TABLE IF EXISTS `job`;
CREATE TABLE `job` (
  `id` varchar(10) NOT NULL,
  `JobName` varchar(20) NOT NULL,
  PRIMARY KEY (`id`)
) ENGINE=InnoDB DEFAULT CHARSET=utf8;

-- ----------------------------
-- Records of job
-- ----------------------------
INSERT INTO `job` VALUES ('0', '未填写');
INSERT INTO `job` VALUES ('1', '工程师');
INSERT INTO `job` VALUES ('2', '医生');
INSERT INTO `job` VALUES ('3', '教师');
INSERT INTO `job` VALUES ('4', '学生');

-- ----------------------------
-- Table structure for `patent_info`
-- ----------------------------
DROP TABLE IF EXISTS `patent_info`;
CREATE TABLE `patent_info` (
  `PatentID` int(4) NOT NULL AUTO_INCREMENT,
  `PatentName` varchar(50) NOT NULL,
  `PatentFunction` varchar(500) DEFAULT NULL,
  `BaseCategory` varchar(20) NOT NULL,
  `RegionCategory` varchar(20) NOT NULL,
  `FunctionCategory` varchar(20) NOT NULL,
  `IDCard` varchar(50) NOT NULL DEFAULT '',
  `ModifyDate` date NOT NULL,
  `SubmitDate` date DEFAULT NULL,
  `AuditDate` date DEFAULT NULL,
  `PatentStatus` varchar(20) NOT NULL,
  PRIMARY KEY (`PatentID`),
  KEY `fk_IDCard` (`IDCard`),
  KEY `fk_FunctionCategory` (`FunctionCategory`),
  KEY `fk_PatentStatus` (`PatentStatus`),
  KEY `fk_Base` (`BaseCategory`),
  KEY `fk_region` (`RegionCategory`),
  CONSTRAINT `fk_region` FOREIGN KEY (`RegionCategory`) REFERENCES `region_category` (`id`),
  CONSTRAINT `fk_Base` FOREIGN KEY (`BaseCategory`) REFERENCES `base_category` (`id`),
  CONSTRAINT `fk_FunctionCategory` FOREIGN KEY (`FunctionCategory`) REFERENCES `function_category` (`id`),
  CONSTRAINT `fk_IDCard` FOREIGN KEY (`IDCard`) REFERENCES `user_info` (`IDCard`),
  CONSTRAINT `fk_PatentStatus` FOREIGN KEY (`PatentStatus`) REFERENCES `patent_state` (`id`)
) ENGINE=InnoDB AUTO_INCREMENT=5555578 DEFAULT CHARSET=utf8;

-- ----------------------------
-- Records of patent_info
-- ----------------------------
INSERT INTO `patent_info` VALUES ('1', '一种车辆事故逃生装置', '本实用新型公开了一种车辆事故逃生装置，包括玻璃本体、撞针器、声波发射器、声波频率调节器和车内一键启动开关，所述玻璃本体的四周边缘和底部均安装有撞针器和声波发射器，所述撞针器以及声波发射器之间均为电性连接，所述声波发射器的一端通过导线连接有声波频率调节器，所述声波频率调节器的一端通过导线连接有车内一键启动开关；该车辆事故逃生装置，能够让被困在事故车辆里的乘客达到快速、便捷、安全的逃生，不再被安全锤的丢失、不会使用安全锤、关键时刻忘记安全锤的作用等而烦恼，采用了双重保险逃生装置，以此来达到理想中快速、便捷、安全。', '3', '1', '1', '420303198606061001', '1986-06-06', '1986-06-06', '1986-06-06', '4');
INSERT INTO `patent_info` VALUES ('2', '一种过滤组件及具有过滤组件的水杯', '本实用新型涉及杯具领域，具体涉及一种过滤组件，包括：过滤侧壁和过滤网，所述过滤侧壁沿所述过滤网的边缘向上延伸并围成筒状结构，所述过滤网所在平面与所述过滤侧壁的上端面之间形成一不小于20°的夹角。一种水杯，包括上述过滤组件，所述过滤组件搭接在所述水杯的杯口处；所述水杯的内壁设置有挡块，用于承接所述过滤组件的底部；所述挡块的设置角度与所述过滤网的设置角度相同。采用本实用新型的过滤组件，采用倾斜的滤网底面，倒水时使水顺利流入水杯，防止水溢出烫伤，设计简单，可操作性极强。', '3', '1', '1', '420303198606061002', '1986-06-06', '1986-06-06', '1986-06-06', '4');
INSERT INTO `patent_info` VALUES ('3', '一种Excel软件数据整合方法', '本发明一种Excel软件数据整合方法，用于一种Excel软件数据整合系统，所述整合系统将一个Excel软件中的数据整合到另一个Excel软件中，其特征在于，所述一个Excel软件包括来源标签和来源内容，所述来源标签与来源内容为对应关系，所述另一个Excel软件中包括目标标签和目标内容，所述目标内容与所述目标标签为对应关系，通过本发明数据整合系统能更好的整合多个软件的数据及数据对比,帮助用户实现办公自动化便捷化。', '3', '1', '3', '420303198606061003', '2018-06-03', '2018-06-04', '2018-06-30', '4');
INSERT INTO `patent_info` VALUES ('4', '一种家庭便携急救箱', '本实用新型提供一种家庭便携急救箱，包括箱体，所述箱体上设置用于双肩背负的左、右肩带，所述左、右肩带上均设置有带有扣头的横向带，所述箱体下部设置有带有扣头的过档托带，所述横向带和所述过裆托带都能通过扣头固定连接在一起，所述箱体上部内设置有高层缓降器，其中部设置有储物空间，其下部设置有充气救生气囊。本实用新型的有益效果是存放和管理家庭常备药品及救治伤害的人员提供工具和紧急避险工具。', '3', '1', '1', '420303198606061004', '2019-01-01', '2019-01-01', '2019-01-01', '4');
INSERT INTO `patent_info` VALUES ('5', ' 一种小型除草设备', '本发明一种小型除草设备属于农业机械领域，利用微型柴油机通过自动离合器驱动变速箱，变速箱输出的动力同时带动驱动轮和螺旋式除草刀，螺旋式除草刀快速旋转将土翻起垄向两边，达到除草修沟的效果。', '3', '1', '3', '420303198606061005', '2017-09-20', '2018-09-20', '2018-09-30', '4');
INSERT INTO `patent_info` VALUES ('6', '油烟吸附挡板', '本发明提供一种油烟吸附挡板，包括侧面开口的集烟腔和倾斜设置在所述集烟腔开口的油烟挡板，所述油烟挡板上倾斜设置有平行排列的毛细沟槽，所述毛细沟槽的低的一端设置有收集油脂的罩体，本发明利用在所述油烟挡板的表面设置所述毛细沟槽，使油脂在所述毛细沟槽的吸引下，快速被吸收，利用重力或者负压，将所述毛细沟槽内的油脂进入收集油脂的罩体，使油烟挡板表面保持清洁，防止油脂氧化凝固在所述油烟挡板上，利于油烟挡板的美观和便于清洁。', '3', '1', '3', '420303198606061006', '2017-09-20', '2017-12-12', '2019-03-12', '4');
INSERT INTO `patent_info` VALUES ('7', 'LED灯管', '本实用新型属于照明灯具技术领域，具体公开了一种LED灯管。它包括管体，所述管体内设置有带多个LED的条状电路板，所述管体两端分别连接有封头，所述其中一封头外端固定有两导电金属脚，另一封头外端固定有定位插脚，所述电路板上的LED通过电路板上的导线与上述两导电金属脚电连接。本实用新型不仅方便安装，而且应用广泛。', '3', '1', '1', '420303198606061007', '2008-03-03', '2008-12-12', '2019-03-04', '4');
INSERT INTO `patent_info` VALUES ('8', '汽车遮阳帘', '本实用新型汽车前挡风玻璃遮阳帘利用新的伸缩臂实现帘体的展开和收折，真正意义上实现了汽车前挡风玻璃遮阳帘的自动伸缩，并提供安装座便于一次安装、无需拆卸；在实际生产使用中采用铝合金的骨架，具有外形美观、收纳后体积小巧、节省空间等优点；并设置太阳能板、利用太阳能蓄电池为驱动装置提供动力源，利于节约能源。', '3', '1', '1', '420303198606061008', '2009-03-03', '2010-12-12', '2011-11-11', '4');
INSERT INTO `patent_info` VALUES ('9', '晾衣架（稳定型）', '开闭合性好，稳定性强，制作成本低，量产收益大。 开合挂钩（室内挂），闭合挂钩（室外挂）两个种类，能替代几乎所有衣架，成本低，功能多，实用，方便！ 优点：1.防止衣服掉落，2.晾晒整齐美观，3.适合大多数肩带式衣服，4.材质选择多样性，5.实用新型专利与外观专利双重保护。', '3', '1', '2', '420303198606061009', '2019-01-13', '2019-01-13', '2019-03-04', '4');
INSERT INTO `patent_info` VALUES ('10', '一种多功能晾晒架', '你发的就能减肥的难安放到哪怕', '3', '1', '3', '420303198606061010', '2018-06-06', '2018-06-06', '2018-06-06', '1');
INSERT INTO `patent_info` VALUES ('11', '一种多功能淋浴房', '本实用新型多功能淋浴房巧妙地将淋浴设施与淋浴房两者的功能合二为一，造型简洁。多功能淋浴房位于下方的手柄可以控制上方的阀门调节，方便小孩使用，无需用户在高处的阀门上操作。上杆具有支撑淋浴房和淋浴出水的双功能作用，水源从淋浴房上方的上杆中的出水通孔流出。', '3', '1', '1', '420303198606061011', '2019-01-13', '2019-01-13', '2019-01-13', '4');
INSERT INTO `patent_info` VALUES ('12', '智能干衣空气能热水器装置', '智能干衣空气能热水器装置，包括有空气能热水器以及干衣箱；空气能热水器包括有主机、线控器以及保温水箱；干衣箱包括有活动门以及连接口；保温水箱包括有金属内胆、冷凝器、感温包、进水接头以及热水出水接头，金属内胆的上端没有保温层，金属内胆的上端与干衣箱的连接口连接，干衣箱与金属内胆的上端构成封闭的内型腔；使用时，金属内胆辐射以及传递到干衣箱，利用干衣箱干燥衣服；制造时，在不改变普通空气能热水器基本结构的基础上，于原有空气能热水器的保温水箱上加装上干衣箱，使金属内胆的上端既是金属内胆的一部分，也是干衣箱的散热器。', '3', '1', '3', '420303198606061012', '2019-01-13', '2019-01-13', '2019-01-13', '4');
INSERT INTO `patent_info` VALUES ('13', '艾灸椅', '本发明提供一种艾灸椅，包括底座、一固设于底座上的背部靠板、一椅座、至少一个艾灸箱及若干紧固件，所述背部靠板其表面设有多个通气孔，艾灸箱可安装于背部靠板背面对应于所述通气孔的位置，所述通气孔可与安装于与之位置对应的艾灸箱的出热口相连通，背部靠板其两侧边沿着背部靠板的长度方向分别均布有若干椅座位置调节孔；所述椅座其两侧各设有一安装座，安装座上设有通孔，椅座通过其两侧的安装座卡设于背部靠板，且椅座可沿着背部靠板两侧边上下滑动；紧固件依次穿过椅座安装座上的通孔、及与通孔位置对应的椅座位置调节孔后，可将椅座固定在背部。', '3', '1', '3', '420303198606061013', '2019-02-14', '2019-02-14', '2019-02-14', '4');
INSERT INTO `patent_info` VALUES ('14', '置于建筑物内上部空间的可移动储物装置', '置于建筑物内上部空间的可移动储物装置，本发明涉及建筑物内部接近屋顶的上部空间的储物装置，解决了对建筑物内上部空间的利用率低和不方便存取储物柜内物品的问题。它包括储物平台、多个物品容纳单元体、升降托板、升降托板驱动装置、天车、定位系统和微电脑，储物平台水平方向设置在建筑物内上部空间，其上表面划分为多行多列矩形区位，其中的一个矩形区位开为通孔且由升降托板填充该通孔，多个物品容纳单元体一一填充其余矩形区位，定位系统采集每个物品容纳单元体位置信息并传递给微电脑，微电脑向升降托板驱动装置和天车发送指令。', '3', '1', '3', '420303198606061014', '2019-02-14', '2019-02-14', '2019-02-14', '4');
INSERT INTO `patent_info` VALUES ('15', '经络穴位生物针灸器', '本实用新型提供了一种经络穴位生物针灸器，包括针柄、与针柄固定连接的针掌以及穿过针柄且与针掌连接的生物电子传导线，所述针掌包括针掌本体、与针掌本体连接的至少一针指以及设于所述针指上的球形针头，所述球形针头的外径大于所述针指的外径。采用上述经络穴位生物针灸器对人体进行针灸或者按摩时，不会使人体皮肤产生刺痛感。', '3', '1', '1', '420303198606061015', '2019-02-14', '2019-02-14', '2019-02-14', '4');
INSERT INTO `patent_info` VALUES ('16', '一种便携式农用松土装置', '本发明公开了一种可调节式农业松土机，包括车体，所述车体的底壁上开设有矩形凹槽，且矩形凹槽内固定连接有液压缸，所述液压缸的活塞端固定连接有横板，且横板的两端均固定连接有移动件，所述横板的底壁上安装有驱动机构，且驱动机构内连接有两个钻头。', '3', '1', '3', '420303198606061016', '2019-02-14', '2019-02-14', '2019-02-14', '4');
INSERT INTO `patent_info` VALUES ('17', '游戏语音传输方法、终端、语音服务模块及游戏系统', '本发明公开了一种游戏语音传输方法，包括如下步骤：向语音服务模块发送语音数据，以使所述语音服务模块存储所述语音数据，并为所述语音数据分配一个语音获取码；接收所述语音服务模块返回的语音获取码；及将所述语音获取码发送给游戏服务模块；其中，所述语音获取码被所述游戏服务模块转发至指定的第二终端，以使所述第二终端能够根据所述语音获取码从所述语音服务模块中获取所述语音数据。本发明提供的语音传输方法，游戏服务模块和语音服务模块彼此独立，游戏服务模块仅需进行语音获取码的转发，大大减小了游戏服务模块的工作压力，同时，语音服务模块还具有并发性能高，可扩展性强等优点。', '3', '1', '3', '420303198606061017', '2019-02-14', '2019-02-14', '2019-02-14', '4');
INSERT INTO `patent_info` VALUES ('18', '一种文件解锁的方法及装置', '本发明提供了一种文件解锁的方法及装置，其中所述方法包括：获取目标文件的操作权限信息；若所述目标文件无操作权限，则调用自定义的用于目标权限设置的应用程序接口针对所述目标文件添加操作权限。本发明所提供的文件解锁、粉碎、粉碎机制不仅安全、可靠、成功率高，并且可以在复杂的客户端环境中识别恶意程序的文件自保护行为并加以对抗，增强了和驱动级恶意程序攻防的对抗能力。', '3', '1', '3', '420303198606061018', '2019-02-06', '2019-02-07', '2019-02-08', '4');
INSERT INTO `patent_info` VALUES ('19', '一种分布式数据流处理方法及装置', '本发明涉及数据处理领域，尤其涉及一种分布式数据流处理方法及装置，用以解决分布式流处理技术无法对具有同一键值的数据流进行负载均衡处理的问题。本发明实施例的方法包括：第一节点根据需要分配给下一跳工作节点的数据流的键值，确定第二节点为处理所述键值对应的数据流的下一跳工作节点，在确定该第二节点满足设定的负载迁移条件后，将所述需要分配给下一跳工作节点的数据流从所述第二节点迁移至第三节点进行处理，并指示所述第二节点和第三节点同步所述键值对应的数据流的状态信息；采用上述方法，第一节点可以在确定下游的第二节点满足设定的负载迁移条件后，将第二节点负责处理的键值对应的数据流迁移至当前累计负载较小的第三节点进行处理，从而可以针对同一键值的数据流进行负载均衡处理。', '3', '1', '3', '420303198606061019', '2019-02-02', '2019-02-02', '2019-02-02', '4');
INSERT INTO `patent_info` VALUES ('20', '用于电脑的图形用户界面', '1．本外观设计产品的名称：用于电脑的图形用户界面；2．本外观设计产品的界面用途：电脑用于运行程序、处理数据等；界面用于在系统体检扫描中将界面划分为两部分，上部分用于显示扫描情况，下部分用于显示具体扫描信息内容；3．本外观设计产品的设计要点：在于屏幕中的图形用户界面；各界面中的上半部分的设计；移动通信终端为现有设计；4.最能表明本外观设计设计要点的图片或照片：设计1主视图；5.设计1为基本设计。', '3', '1', '1', '420303198606061020', '2019-02-12', '2019-02-12', '2019-02-13', '4');
INSERT INTO `patent_info` VALUES ('21', '食品包装盒', '1．本外观设计产品的名称：食品包装盒。2．本外观设计产品的用途：本外观设计产品用于食品包装。3．本外观设计产品的设计要点：产品形状。4．最能表明本外观设计设计要点的图片或照片：立体图。5．省略视图：左视图与右视图对称，省略左视图，俯视图与仰视图对称，省略俯视图。', '3', '1', '1', '420303198606061021', '2019-02-12', '2019-02-12', '2019-02-13', '4');
INSERT INTO `patent_info` VALUES ('22', '刷卡门禁机', '1．本外观设计产品的名称为刷卡门禁机。2．本外观设计产品用于考勤或开关门的刷卡机。3．本外观设计设计要点为刷卡门禁机的外观形状。4．本外观设计的立体图为最能表明设计要点的图片。', '3', '1', '1', '420303198606061022', '2019-02-12', '2019-02-12', '2019-02-12', '4');
INSERT INTO `patent_info` VALUES ('23', '智能陪伴机器人', '本实用新型公开了一种智能陪伴机器人，包括：底壳、与底壳间隙配合的上壳；在所述底壳内安装有喇叭、底部支架，在所述底部支架上安装有舵机；在所述上壳内安装有旋转支架，所述旋转支架设置在所述舵机的输出轴上；在所述底部支架上开设有多个凹槽，在所述凹槽内嵌有滚珠，以调节所述上壳与所述底壳的配合间隙；所述舵机能够带动所述旋转支架及所述上壳相对所述底壳旋转；在所述上壳上还设置有屏幕总成，在所述上壳内设置有主控模块，所述主控模块分别与所述喇叭、舵机及所述屏幕总成信号连接；所述屏幕总成包括：显示屏、麦克。该机器人具有较强的运动性能，能够提升视觉效果。', '3', '1', '2', '420303198606061023', '2019-02-12', '2019-02-12', '2019-02-13', '4');
INSERT INTO `patent_info` VALUES ('24', '一种计算机USB接口防尘装置', '本实用新型涉及电子设备技术领域，且公开了一种计算机USB接口防尘装置，包括USB外壳，所述USB外壳的一侧固定连接有USB接口，所述USB外壳另一侧的中部固定连接有固定环，所述固定环的内部与连接绳的一端活动连接，所述连接绳的另一端活动连接有挂钩，所述USB外壳的底部固定连接有卡紧装置，USB外壳顶部的一侧固定连接有卡销，卡销的顶端与连接杆的一端固定连接，连接杆的另一端与防尘壳一侧的底部固定连接，防尘壳另一侧的底部固定连接有固定销。该计算机USB接口防尘装置，通过向防尘壳底部的一侧推动滑动板，使得滑动板底部的防尘垫与USB接口的内壁活动连接，实现了防止USB接口内部进入灰尘的功能，提高了装置的防尘功能。', '3', '1', '2', '420303198606061024', '2019-02-12', '2019-02-12', '2019-02-13', '4');
INSERT INTO `patent_info` VALUES ('25', '一种车内空气净化装置', '本实用新型公开了一种车内空气净化装置，该空气净化装置包括空气净化器、控制器、第一和第二空气采样模块、继电器模块；其中，所述空气净化器通过继电器模块与车载电源连接，所述控制器分别与第一和第二空气采样模块、继电器模块、车载外循环开关、车载内循环开关连接；所述第一空气采样模块设置在车外，用于对车外空气中的污染物进行实时采集；所述第二空气采样模块设置在车内，用于对车内空气中的污染物进行实时采集。', '3', '1', '2', '420303198606061025', '2019-02-12', '2019-02-12', '2019-02-13', '4');
INSERT INTO `patent_info` VALUES ('26', '一种基于卷积神经网络的TFDS故障图像自动识别方法', '本发明公开了一种基于卷积神经网络的TFDS故障图像自动识别方法，该方法基于深度学习理论，由一个二级级联的卷积神经网络模型构成：第一级为多类易故障区域同步定位的网络模型，结合多故障区域的空间相互位置关系约束，实现多故障目标区域同步精确定位；第二级为故障判别网络模型，对第一级定位的区域实现故障和非故障的判断。本发明提供的TFDS多类故障同步自动识别方法无需针对不同故障分别设计识别方法，借助深度学习中的卷积神经网络理论，通过学习训练的方式自适应地抽取特征，能够对多故障进行同步定位和故障判断，且具有高效性和强鲁棒性。', '2', '1', '3', '420303198606061026', '2019-02-12', '2019-02-12', '2019-02-13', '4');
INSERT INTO `patent_info` VALUES ('27', '基于卷积神经网络的大规模交通网络拥堵预测方法及装置', '本发明公开一种基于卷积神经网络的大规模交通网络拥堵预测方法及装置，能同时考虑路网车辆速度信息的时序性和空间性，进而可以更准确的预测整个路网交通拥堵状态。所述方法包括：S1、收集车辆的GPS数据，并提取在每个时刻每个路段的车辆运行数据，根据获得的所述车辆运行数据生成矩阵M；S2、根据所述矩阵M生成至少一天的时空热力图；其中，所述时空热力图的横坐标表示时间，纵坐标表示按照空间关系排序的路段ID序列；S3、在所述时空热力图上，采取窗口滑动的方式生成数据集(X,Y)；S4、构建卷积神经网络模型，并利用所述数据集(X,Y)对所述卷积神经网络模型进行训练；S5、将待测试的数据集输入到经过训练的所述卷积神经网络模型中，得到预测结果。', '2', '1', '3', '420303198606061027', '2019-02-12', '2019-02-12', '2019-02-13', '4');
INSERT INTO `patent_info` VALUES ('28', '一种基于CNN深度学习的DBCC分类模型构建方法', '本发明公开了一种基于CNN深度学习的DBCC分类模型及构建方法,DBCC分类模型包括4层卷积层、3层池化层和2层全连接层,该DBCC分类模型采用softmax loss函数作为损失函数,第一卷积层、第四卷积层、第二池化层、第三池化层、第一全连接层后面各添加了一个激活函数(RELU),并且,在第一卷积层后面添加局部响应值归一化层LRN,在第一全连接层后面添加dropout层。本发明的DBCC分类模型是基于卷积神经网络CNN而构建的,通过在每个卷积层中使用更多的卷积核以及添加LRN、使用dropout、加深网络深度,使得该DBCC分类模型在识别16*16pixel分辨率的小图片时,识别精度更高。', '2', '1', '3', '420303198606061028', '2019-02-12', '2019-02-12', '2019-02-13', '4');
INSERT INTO `patent_info` VALUES ('29', '基于大数据和分析场的气象预报方法及系统', '本发明涉及一种气象预报方法和系统。该方法包括：获取预报区域的最近设定时长内的气象分析场序列；将所述最近气象分析场序列输入所述预报区域的深度神经网络进行深度学习，得到所述预报区域的深度神经网络的输出；将所述输出作为预报区域的自当前时刻开始的预报时长内的预报场序列。该系统包括：分析场获取模块，用于获取预报区域的最近设定时长内的气象分析场序列；预报模块，用于将所述最近气象分析场序列输入所述预报区域的深度神经网络进行深度学习，得到所述预报区域的深度神经网络的输出；将所述输出作为预报区域的自当前时刻开始的预报时长内的预报场序列。上述方法和系统，气象预报更加准确。', '2', '1', '3', '420303198606061029', '2019-02-12', '2019-02-12', '2019-02-13', '4');
INSERT INTO `patent_info` VALUES ('30', '一种词向量的训练方法和装置', '本发明提供了一种词向量的训练方法和装置，其中，所述方法包括：抓取互联网网页，获取训练语料，保存在语料库中；对语料库中的每个训练语料分别作分词处理，得到每个训练语料对应的有序词集合；根据预先收集的用户查询日志构建词表；将所述语料库中保存的各训练语料分发至分布式词向量学习模型中的各节点；配置所述分布式词向量学习模型对所述词表中的各词进行周期性的词向量训练，得到所述词表中各词对应的词向量。本发明提供了一种词向量的训练方法和装置，使得训练得到的词向量能够很好地适用于搜索业务中，并且能够实现快速迭代的高质量词向量的训练。', '2', '1', '3', '420303198606061030', '2019-02-12', '2019-02-12', '2019-02-13', '4');
INSERT INTO `patent_info` VALUES ('31', '一种程序发布方法、装置和程序发布系统', '本发明实施例公开了一种程序发布方法，包括：自动化测试平台获取测试主机的网络地址，并根据所述网络地址向所述测试主机发送测试指令，所述测试指令用于指示所述测试主机调用至少一个测试用例对本地的待发布程序进行测试，在测试完成后生成并上报测试报告；所述自动化测试平台将所述测试报告写入到数据库中，以及在接收到用于请求所述测试报告的访问请求后，显示所述测试报告；当所述自动化测试平台接收到对所述测试报告的确认指令时，指示程序发布平台对所述待发布程序进行上线处理。本发明实施例还公开了一种程序发布装置和程序发布系统。采用本发明，提高程序的发布效率。', '3', '1', '3', '420303198606061031', '2019-02-16', '2019-02-21', '2019-02-23', '4');
INSERT INTO `patent_info` VALUES ('32', 'WIFI热点连接控制方法、服务器及WIFI热点', '本发明提供了一种WIFI热点连接控制方法。本发明通过服务器直接对WIFI热点的WIFI连接接入情况进行接入控制，使得对接入WIFI热点的用户终端的用户身份进行了有效控制，提高了接入安全性的同时，保证了用户终端差异化的接入控制。', '3', '1', '3', '420303198606061032', '2019-02-16', '2019-02-22', '2019-02-23', '4');
INSERT INTO `patent_info` VALUES ('33', '一种停车场车辆管理系统及停车场车辆管理方法', '本发明公开了一种停车场车辆管理系统，包括：感应器，设置在每个车位上，用于感应车位上是否有车辆；场内摄像头，设置在停车场内，用于在感应器感应到有车辆停止在车位上时拍摄车辆的牌照照片；服务器，用于接收场内摄像头拍摄的牌照照片，并识别出车牌号，建立车牌号与车位编号的对应的数据库；车主使用智能终端能够登录服务器并通过输入车牌号查询到与之对应的车位编号，从而使车主可以根据车位编号找到车辆。因此可以方便车主在大型停车场内找到自己的车辆。', '3', '1', '3', '420303198606061033', '2019-02-16', '2019-02-22', '2019-02-23', '4');
INSERT INTO `patent_info` VALUES ('34', '无', '无', '1', '1', '1', '420303198606061034', '2019-02-17', '2019-02-22', '2019-02-23', '4');
INSERT INTO `patent_info` VALUES ('5555561', '批量下载数据处理方法和装置', '本发明公开了一种批量下载数据处理方法和装置，所述批量下载数据处理方法包括：将原始队列中的多个待下载的数据项批量添加至下载队列中；按照各待下载的数据项在原始队列中的顺序，将各待下载的数据项对应的键值存储于映射表中；将已下载的数据项从所述下载队列中转移至完成队列中，并按照所述映射表中键值的顺序，排列已下载的数据项在所述完成队列中的顺序。本发明根据原始队列建立映射表，根据映射表中键值的顺序，排列完成队列，使完成队列中数据项顺序与原始队列中数据项顺序一致，有效保证了下载前后数据项的顺序性。', '2', '1', '2', '420303198606062004', '2019-02-20', '2019-02-20', '2019-02-20', '4');
INSERT INTO `patent_info` VALUES ('5555562', '浏览器异常处理方法、装置及系统', '本发明涉及一种浏览器异常处理方法、装置及系统，其方法包括：统计浏览器启动后的用户操作行为数据；在检测到浏览器运行异常时，从统计的用户操作行为数据中，获取浏览器出现异常前预定时间段内的用户操作行为数据，上报至服务器；在浏览器因异常退出后，从服务器获取用户操作行为数据；根据用户操作行为数据，模拟用户操作行为，获取浏览器运行异常分析结果。本发明实施例可以最大程度复现用户操作过程，还原异常出现时的浏览器环境，达到快速复现浏览器异常问题，快速修复异常问题的目的。', '1', '1', '2', '420303198606060235', '2019-02-23', '2019-02-22', '2019-02-23', '3');
INSERT INTO `patent_info` VALUES ('5555567', '智能机姿态矩阵计算方法及其应用于摄影测量的方法', '本发明公开了一种智能机姿态矩阵计算方法及其应用于摄影测量的方法，其中智能机姿态矩阵计算方法主要包括步骤：通过智能机测量智能机的重力加速度x、y、z三个方向的分量ax、ay和az；通过智能机获取方位角计算姿态矩阵本发明通过智能机的姿态矩阵Rg可得到智能机上摄像头的姿态，可应用于摄影测量，全景测量、计算机视觉，LBS服务，虚拟现实仿真，增强现实可穿戴设备的姿态测量等领域。', '1', '2', '2', '420303198606062005', '2019-02-11', '2019-03-15', '2019-02-20', '3');
INSERT INTO `patent_info` VALUES ('5555569', '一种显示状态栏的方法和装置', '本发明公开了一种显示状态栏的方法和装置，属于计算机技术领域。所述方法包括：当检测到第一应用程序进行页面加载时，获取预先存储的第二应用程序的状态栏显示接口的接口信息；根据所述状态栏显示接口的接口信息，触发所述第二应用程序获取状态栏的预设状态栏项对应的状态数据，根据获取到的所述预设状态栏项对应的状态数据，在所述第一应用程序的页面的预设位置的上层显示所述状态栏。采用本发明，可以提高用户查看状态栏中的状态数据的效率。', '2', '1', '1', '420303198606062006', '2019-02-21', null, null, '1');
INSERT INTO `patent_info` VALUES ('5555570', '基于行车记录仪的海量视频数据共享方法', '本发明为了解决海量视频数据共享与存储成本之间的矛盾，提出一种基于行车记录仪的海量视频数据共享方法，包含以下步骤：由行车记录仪实时记录道路上的状况，分时间段存储；该行车记录仪将其移动轨迹信息实时上传至云端服务器，其中每个行车记录仪由唯一的地址编码进行识别；云端服务器响应应用端的视频数据请求，列出符合请求条件的若干行车记录仪数据点，该视频数据请求包括一特定时间或时间段与一特定位置或位置范围；选择对应的行车记录仪数据点，则云端服务器向该数据点对应的行车记录仪发出上传视频数据请求，该上传视频数据请求中包括行车记录仪的地址编码和时间点；云端服务器将视频数据传输至应用端进行播放。', '1', '1', '2', '420303198606062007', '2019-02-21', null, null, '2');
INSERT INTO `patent_info` VALUES ('5555571', '移动终端拍摄装置和方法', '本发明公开了一种移动终端拍摄装置和方法，该装置包括：第一拍摄模块，用于当检测到拍照指令时，控制移动终端拍摄当前场景，获取原始照片；光比获取模块，用于确定原始照片中的暗部和亮部，并获取该原始照片的实际光比；光比比较模块，用于比较实际光比和预存的预期光比，获取该实际光比与预期光比的差值；光强调整模块，用于根据差值调整移动终端的闪光灯的闪光强度，并控制移动终端以调整后的闪光强度再次拍摄当前场景，获取补光照片；补光模块，用于根据补光照片对原始照片的暗部或亮部进行局部补光，以将原始照片的实际光比调整为预期光比。本发明在没有辅助光源和反光板时，实现了对移动终端拍摄照片光比的调整，使拍摄照片效果更佳。', '2', '1', '1', '420303199602243301', '2019-02-22', null, null, '1');
INSERT INTO `patent_info` VALUES ('5555572', '计算机运维管理方法及系统', '本发明提供了一种计算机运维管理方法，包括以下步骤：提交运维权限审批申请；对所述运维权限审批申请进行审核；以及当所述运维权限审批申请审核通过时，启动运维。本发明还提供一种计算机运维管理系统，包括运维权限审批申请模块，用于进行运维权限审批申请；及运维权限审核模块，用于对所述运维权限审批申请进行审核，以通过或拒绝所述运维权限审批申请。本发明的计算机运维管理方法及系统，可以有效解决运维权限审批申请与审批的流程复杂、时效性差的问题，并同时避免运维安全的漏洞，从而有效控制运维的安全性，提升运维权限变更的时效性与便捷性。', '2', '1', '1', '420303198606061004', '2019-02-23', null, null, '2');
INSERT INTO `patent_info` VALUES ('5555573', '一种显示方法及显示设备', '本发明提供一种显示方法及显示设备，涉及显示领域。其中，显示方法应用于显示设备，该显示设备的显示屏由多个显示区域组成，所述显示方法包括：当一个或多个显示区域发生故障时，基于未发生故障的显示区域，重新对所述显示屏的画面进行显示。本发明的方案在屏幕部分显示区域无法正常显示后，重新对显示画面进行补偿，即利用正常显示区域来显示屏幕的整个画面，使用户能够及时获取所有画面信息，避免带来安全、财产上的损失，因此具有很高的实用价值。', '2', '1', '1', '420303198606061004', '2019-02-23', null, null, '2');
INSERT INTO `patent_info` VALUES ('5555574', 'IMS网络中被叫用户业务状态的查询方法与装置', '本公开涉及一种IMS网络中被叫用户业务状态的查询方法与装置。该方法包括接收主叫用户发送的多媒体消息；向归属用户服务器发送查询被叫用户业务状态的请求；接收自归属用户服务器查询到的被叫用户业务状态；根据被叫用户业务状态确定是否通知被叫用户获取多媒体消息。在本公开的一些实施例中，被叫用户业务状态包括被叫终端开机与关机、以及被叫号码停机与空号。本公开可以提升用户对多媒体消息业务的体验。', '1', '1', '1', '420303198606061003', '2019-02-23', null, null, '2');
INSERT INTO `patent_info` VALUES ('5555575', '蓝牙自适应音量调节方法及装置', '本发明涉及一种蓝牙自适应音量调节方法及装置，其方法包括：智能终端与蓝牙音频设备连接后，获取蓝牙音频设备的可调最大音量值和用户可调最大音量值；在接收到音量调节指令后，获取音量调节指令指示的音量值；根据音量调节指令指示的音量值，计算得到智能终端的音量值，根据音量调节指令指示的音量值、蓝牙音频设备的可调最大音量值及用户可调最大音量值，计算得到蓝牙音频设备的音量值；根据得到的蓝牙音频设备的音量值设置蓝牙音频设备的音量，根据得到的智能终端的音量值设置智能终端的音量。本发明可同时均匀调整电视端音量增益值以及蓝牙音频设备端音量，达到平滑匀速调整音量效果，解决现有调整蓝牙音量中的失真、音量调整变化小等问题。', '2', '1', '2', '420303198606061007', '2019-03-05', null, null, '2');
INSERT INTO `patent_info` VALUES ('5555576', '用于移动终端的画面显示方法、装置和移动终端', '本申请公开了用于移动终端的画面显示方法、装置和移动终端。所述用于移动终端的画面显示方法的一具体实施方式包括：检测当前显示画面是否超出终端的屏幕显示范围；若超出终端的屏幕显示范围，则监测终端的偏移信息；以及基于偏移信息调整画面的显示位置。该实施方式可以根据终端位置的偏移情况，调整终端上画面的显示位置，简化了用户的操作过程。', '1', '1', '1', '420303198606061005', '2019-03-05', null, null, '1');
INSERT INTO `patent_info` VALUES ('5555577', '信息更新方法及装置', '本公开是关于信息更新方法及装置，所述方法包括：获取主商户标识对应的商户更新信息；根据预存映射关系确定所述主商户标识对应的从商户标识，所述预存映射关系记录有各主商户标识与从商户标识的对应关系；根据所述商户更新信息对所述从商户标识对应的商户信息进行更新。本公开可以在获取到主商户标识对应的商户更新信息时，根据预存映射关系确定主商户标识对应的从商户标识，进而根据商户更新信息对从商户标识对应的商户信息进行更新，从而实现在获取到主商户标识对应的商户更新信息后，可以自动更新从商户的商户信息，提高商户信息的更新效率。', '2', '1', '1', '420303198606061009', '2019-03-12', null, null, '1');

-- ----------------------------
-- Table structure for `patent_state`
-- ----------------------------
DROP TABLE IF EXISTS `patent_state`;
CREATE TABLE `patent_state` (
  `id` varchar(10) NOT NULL,
  `StateName` varchar(20) NOT NULL,
  PRIMARY KEY (`id`)
) ENGINE=InnoDB DEFAULT CHARSET=utf8;

-- ----------------------------
-- Records of patent_state
-- ----------------------------
INSERT INTO `patent_state` VALUES ('1', '保存');
INSERT INTO `patent_state` VALUES ('2', '已提交');
INSERT INTO `patent_state` VALUES ('3', '审核未通过');
INSERT INTO `patent_state` VALUES ('4', '审核通过');

-- ----------------------------
-- Table structure for `region_category`
-- ----------------------------
DROP TABLE IF EXISTS `region_category`;
CREATE TABLE `region_category` (
  `id` varchar(10) NOT NULL,
  `RegionName` varchar(20) NOT NULL,
  PRIMARY KEY (`id`)
) ENGINE=InnoDB DEFAULT CHARSET=utf8;

-- ----------------------------
-- Records of region_category
-- ----------------------------
INSERT INTO `region_category` VALUES ('1', '中国内地');
INSERT INTO `region_category` VALUES ('2', '台湾');
INSERT INTO `region_category` VALUES ('3', '香港');
INSERT INTO `region_category` VALUES ('4', '国际');

-- ----------------------------
-- Table structure for `school`
-- ----------------------------
DROP TABLE IF EXISTS `school`;
CREATE TABLE `school` (
  `id` varchar(10) NOT NULL DEFAULT '0',
  `SchoolName` varchar(20) NOT NULL,
  PRIMARY KEY (`id`)
) ENGINE=InnoDB DEFAULT CHARSET=utf8;

-- ----------------------------
-- Records of school
-- ----------------------------
INSERT INTO `school` VALUES ('0', '未填写');
INSERT INTO `school` VALUES ('1', '清华大学');
INSERT INTO `school` VALUES ('2', '北京大学');
INSERT INTO `school` VALUES ('3', '武汉大学');
INSERT INTO `school` VALUES ('4', '华中科技大学');
INSERT INTO `school` VALUES ('5', '武汉理工大学');
INSERT INTO `school` VALUES ('6', '华中师范大学');
INSERT INTO `school` VALUES ('7', '湖北大学');
INSERT INTO `school` VALUES ('8', '南京大学');

-- ----------------------------
-- Table structure for `unit`
-- ----------------------------
DROP TABLE IF EXISTS `unit`;
CREATE TABLE `unit` (
  `id` varchar(10) NOT NULL DEFAULT '0',
  `UnitName` varchar(20) NOT NULL,
  PRIMARY KEY (`id`)
) ENGINE=InnoDB DEFAULT CHARSET=utf8;

-- ----------------------------
-- Records of unit
-- ----------------------------
INSERT INTO `unit` VALUES ('0', '未填写');
INSERT INTO `unit` VALUES ('1', '百度');
INSERT INTO `unit` VALUES ('2', '腾讯');
INSERT INTO `unit` VALUES ('3', '阿里巴巴');
INSERT INTO `unit` VALUES ('4', '京东');
INSERT INTO `unit` VALUES ('5', '美团');

-- ----------------------------
-- Table structure for `user_category`
-- ----------------------------
DROP TABLE IF EXISTS `user_category`;
CREATE TABLE `user_category` (
  `id` varchar(10) NOT NULL,
  `CategoryName` varchar(20) NOT NULL,
  PRIMARY KEY (`id`)
) ENGINE=InnoDB DEFAULT CHARSET=utf8;

-- ----------------------------
-- Records of user_category
-- ----------------------------
INSERT INTO `user_category` VALUES ('1', '用户');
INSERT INTO `user_category` VALUES ('2', '管理员');

-- ----------------------------
-- Table structure for `user_info`
-- ----------------------------
DROP TABLE IF EXISTS `user_info`;
CREATE TABLE `user_info` (
  `UserCategory` varchar(10) DEFAULT NULL,
  `TrueName` varchar(10) NOT NULL,
  `IDCard` varchar(50) NOT NULL DEFAULT '',
  `Password` varchar(20) NOT NULL,
  `Gender` varchar(25) DEFAULT NULL,
  `Birthday` date DEFAULT NULL,
  `Job` varchar(30) DEFAULT NULL,
  `School` varchar(30) DEFAULT NULL,
  `Degree` varchar(10) DEFAULT NULL,
  `Unit` varchar(50) DEFAULT NULL,
  `Title` varchar(10) DEFAULT NULL,
  `Phone` varchar(50) DEFAULT NULL,
  `QQ` varchar(50) DEFAULT NULL,
  `Email` varchar(50) DEFAULT NULL,
  `UserStatus` varchar(20) DEFAULT NULL,
  PRIMARY KEY (`IDCard`),
  KEY `fk_Job` (`Job`),
  KEY `fk_School` (`School`),
  KEY `fk_Degree` (`Degree`),
  KEY `fk_Unit` (`Unit`),
  KEY `fk_UserCategory` (`UserCategory`),
  KEY `fk_UserStatus` (`UserStatus`),
  CONSTRAINT `fk_UserStatus` FOREIGN KEY (`UserStatus`) REFERENCES `user_state` (`id`),
  CONSTRAINT `fk_Degree` FOREIGN KEY (`Degree`) REFERENCES `degree` (`id`),
  CONSTRAINT `fk_Job` FOREIGN KEY (`Job`) REFERENCES `job` (`id`),
  CONSTRAINT `fk_School` FOREIGN KEY (`School`) REFERENCES `school` (`id`),
  CONSTRAINT `fk_Unit` FOREIGN KEY (`Unit`) REFERENCES `unit` (`id`),
  CONSTRAINT `fk_UserCategory` FOREIGN KEY (`UserCategory`) REFERENCES `user_category` (`id`)
) ENGINE=InnoDB DEFAULT CHARSET=utf8;

-- ----------------------------
-- Records of user_info
-- ----------------------------
INSERT INTO `user_info` VALUES ('1', '刘晓雪', '420302189605240014', '1234', '男', '2019-02-27', '0', '0', '0', '0', '高级工程师', '18891177653', '232645781', '232645781@qq.com', '2');
INSERT INTO `user_info` VALUES ('1', '严琳', '420303198606060235', '1234', '男', '2019-02-22', '0', '0', '0', '0', '高级工程师', '18891177653', '232645781', '232645781@qq.com', '2');
INSERT INTO `user_info` VALUES ('1', '吴锋辉', '420303198606061001', '1234', '男', '2019-01-30', '1', '1', '3', '1', '高级工程师', '18811216088', '236080923', '943597031@qq.com', '2');
INSERT INTO `user_info` VALUES ('1', '范杰', '420303198606061002', '1234', '男', '2019-02-01', '1', '1', '3', '1', '高级工程师', '18811073688', '236081791', '893597031@qq.com', '2');
INSERT INTO `user_info` VALUES ('1', '赵小平', '420303198606061003', '1234', '女', '1986-02-02', '1', '1', '3', '1', '高级工程师', '13207868553', '236082865', '843597031@qq.com', '2');
INSERT INTO `user_info` VALUES ('1', '赵小四', '420303198606061004', '1234', '女', '2019-02-17', '3', '1', '3', '0', '高级工程师', '13208168993', '236082867', '873295013@qq.com', '2');
INSERT INTO `user_info` VALUES ('1', '侯恩星', '420303198606061005', '1234', '男', '2018-12-26', '1', '1', '3', '1', '高级工程师', '18303517744', '236083662', '883298032@qq.com', '2');
INSERT INTO `user_info` VALUES ('1', '刘丹', '420303198606061006', '1234', '男', '1987-06-13', '1', '1', '3', '1', '高级工程师', '13247121983', '236087969', '833299035@qq.com', '2');
INSERT INTO `user_info` VALUES ('1', '冯超', '420303198606061007', '1234', '男', '2019-01-18', '1', '2', '3', '2', '高级工程师', '13613416611', '236089160', '823597031@qq.com', '2');
INSERT INTO `user_info` VALUES ('1', '李巍山', '420303198606061008', '1234', '男', '2019-01-29', '1', '2', '3', '2', '高级工程师', '15219466201', '236091569', '813597031@qq.com', '2');
INSERT INTO `user_info` VALUES ('1', '鲍协浩', '420303198606061009', '1234', '男', '2019-02-21', '1', '2', '3', '2', '高级工程师', '15036222256', '236098259', '803597031@qq.com', '2');
INSERT INTO `user_info` VALUES ('1', '孟德国', '420303198606061010', '1234', '男', '2019-02-21', '1', '2', '3', '2', '高级工程师', '18438888133', '236701669', '841597031@qq.com', '2');
INSERT INTO `user_info` VALUES ('1', '杨大伟', '420303198606061011', '1234', '男', '2019-02-12', '1', '2', '3', '2', '高级工程师', '18876941131', '236708711', '842597031@qq.com', '2');
INSERT INTO `user_info` VALUES ('1', '李宏铭', '420303198606061012', '1234', '男', '1986-02-03', '1', '2', '3', '2', '高级工程师', '13455689889', '236071939', '843597031@qq.com', '2');
INSERT INTO `user_info` VALUES ('1', '周志彬', '420303198606061013', '1234', '男', '2019-02-15', '1', '2', '3', '2', '高级工程师', '18876622089', '236072057', '844597031@qq.com', '2');
INSERT INTO `user_info` VALUES ('1', '黄玉宇', '420303198606061014', '1234', '男', '2019-02-16', '1', '2', '3', '2', '高级工程师', '18889262767', '236073380', '845597031@qq.com', '2');
INSERT INTO `user_info` VALUES ('1', '莫委洳', '420303198606061015', '1234', '男', '2019-02-16', '1', '7', '3', '2', '高级工程师', '13715150077', '236073657', '846597031@qq.com', '2');
INSERT INTO `user_info` VALUES ('1', '蔡炜', '420303198606061016', '1234', '男', '2019-02-16', '1', '7', '4', '2', '高级工程师', '15997693333', '236076155', '847597031@qq.com', '2');
INSERT INTO `user_info` VALUES ('1', '叶华林', '420303198606061017', '1234', '男', '2019-02-16', '1', '7', '4', '2', '高级工程师', '13467719111', '236076157', '848597031@qq.com', '2');
INSERT INTO `user_info` VALUES ('1', '刘桂林', '420303198606061018', '1234', '男', '2019-02-16', '1', '7', '4', '2', '高级工程师', '15997698888', '236079257', '849597031@qq.com', '2');
INSERT INTO `user_info` VALUES ('1', '吴常亮', '420303198606061019', '1234', '男', '2019-02-16', '1', '7', '4', '2', '高级工程师', '13727693111', '236082907', '841097031@qq.com', '2');
INSERT INTO `user_info` VALUES ('1', '张鹏', '420303198606061020', '1234', '男', '2019-02-16', '1', '7', '4', '2', '高级工程师', '13632577333', '236085651', '841107031@qq.com', '2');
INSERT INTO `user_info` VALUES ('1', '谭康喜', '420303198606061021', '1234', '男', '2019-02-16', '1', '7', '4', '2', '高级工程师', '13530102266', '236086208', '841117031@qq.com', '2');
INSERT INTO `user_info` VALUES ('1', '季虹', '420303198606061022', '1234', '男', '2019-02-16', '1', '7', '4', '3', '高级工程师', '13530102288', '236086897', '841127031@qq.com', '2');
INSERT INTO `user_info` VALUES ('1', '张玉云', '420303198606061023', '1234', '男', '2019-02-16', '1', '7', '4', '3', '高级工程师', '18300666187', '236087397', '841137031@qq.com', '2');
INSERT INTO `user_info` VALUES ('1', '刘伟光', '420303198606061024', '1234', '男', '2019-02-16', '1', '7', '3', '3', '高级工程师', '15824817777', '236087399', '841147031@qq.com', '2');
INSERT INTO `user_info` VALUES ('1', '周振东', '420303198606061025', '1234', '男', '2019-02-16', '1', '7', '3', '3', '高级工程师', '18349333171', '236090691', '841157031@qq.com', '2');
INSERT INTO `user_info` VALUES ('1', '黄海', '420303198606061026', '1234', '男', '2019-02-16', '1', '7', '3', '3', '高级工程师', '15890005577', '236091079', '841167031@qq.com', '2');
INSERT INTO `user_info` VALUES ('1', '黄华锦', '420303198606061027', '1234', '男', '2019-02-16', '1', '3', '3', '3', '高级工程师', '13838200888', '236091711', '841177031@qq.com', '2');
INSERT INTO `user_info` VALUES ('1', '贺孟华', '420303198606061028', '1234', '男', '2019-02-16', '1', '3', '3', '3', '高级工程师', '13924853168', '236096129', '841187031@qq.com', '2');
INSERT INTO `user_info` VALUES ('1', '龙飞', '420303198606061029', '1234', '男', '2019-02-16', '1', '3', '3', '3', '高级工程师', '13566102222', '236096320', '841197031@qq.com', '2');
INSERT INTO `user_info` VALUES ('1', '陈志军', '420303198606061030', '1234', '男', '2019-02-16', '1', '3', '3', '3', '高级工程师', '13428334566', '236682537', '841098031@qq.com', '2');
INSERT INTO `user_info` VALUES ('1', '王凡梦', '420303198606061031', '1234', '男', '2019-02-16', '1', '3', '3', '3', '高级工程师', '13972911999', '236690781', '841096031@qq.com', '2');
INSERT INTO `user_info` VALUES ('1', '王博文', '420303198606061032', '1234', '男', '2019-02-16', '1', '3', '4', '3', '高级工程师', '18822488887', '236691381', '841097031@qq.com', '2');
INSERT INTO `user_info` VALUES ('1', '陈泊凡', '420303198606061033', '1234', '男', '2019-02-16', '1', '3', '4', '4', '高级工程师', '13924853168', '236708660', '841096031@qq.com', '2');
INSERT INTO `user_info` VALUES ('2', '刘鑫', '420303198606061034', '1234', '男', '2018-12-26', '1', '7', '4', '4', '高级工程师', '13682987828', '382468748', '845296531@qq.com', '2');
INSERT INTO `user_info` VALUES ('1', '吕丹琪', '420303198606062004', '1234', '女', '2019-02-22', '0', '0', '0', '0', '高级工程师', '13682987827', '382468747', '845296532@qq.com', '2');
INSERT INTO `user_info` VALUES ('1', '何毅', '420303198606062005', '1234', '男', '2019-02-22', '1', '0', '3', '0', '高级工程师', '13682987826', '382468746', '845296533@qq.com', '2');
INSERT INTO `user_info` VALUES ('1', '梁振', '420303198606062006', '1234', '男', '2019-02-22', '0', '1', '0', '0', '高级工程师', '13682987825', '382468745', '845296534@qq.com', '2');
INSERT INTO `user_info` VALUES ('1', '曾晗', '420303198606062007', '1234', '女', '2019-02-22', '0', '0', '0', '0', '高级工程师', '13682987824', '382468744', '845296535@qq.com', '2');
INSERT INTO `user_info` VALUES ('1', '潘恩义', '420303199602243301', '1234', '男', '2019-02-21', '1', '1', '4', '1', '高级工程师', '15233333323', '409554356', '841097031@qq.com', '2');

-- ----------------------------
-- Table structure for `user_state`
-- ----------------------------
DROP TABLE IF EXISTS `user_state`;
CREATE TABLE `user_state` (
  `id` varchar(10) NOT NULL,
  `StateName` varchar(20) NOT NULL,
  PRIMARY KEY (`id`)
) ENGINE=InnoDB DEFAULT CHARSET=utf8;

-- ----------------------------
-- Records of user_state
-- ----------------------------
INSERT INTO `user_state` VALUES ('1', '待审核');
INSERT INTO `user_state` VALUES ('2', '审核通过');
INSERT INTO `user_state` VALUES ('3', '审核未通过');
